old_target,target,step_cps,rise_time_s,peak_time_s,overshoot_cps,overshoot_percent,settling_time_s,settling_band_cps,steady_mean_cps,steady_mean_error_cps,steady_mae_cps,steady_rmse_cps,steady_error_std_cps,steady_speed_std_cps,steady_mean_pwm,steady_pwm_std,steady_mean_abs_pid,peak_abs_pid,saturation_fraction,kp,filename,segment,samples
0.0,2000.0,2000.0,0.036666666666666674,0.6900000000000001,100.00000000000009,5.000000000000004,0.05,150.0,1984.6666666666667,15.333333333333334,27.333333333333332,52.28129047119374,49.982219060604166,49.982219060604166,63.986370500000014,0.7497332859090625,0.41,30.0,0.0,0.015,right_kp_0.015.txt,0,299
2000.0,4000.0,2000.0,0.03523809523809524,0.14,100.00000000000009,5.000000000000004,0.05,150.0,3979.3333333333335,20.666666666666668,26.0,50.99019513592785,46.6142562837689,46.61425628376891,74.45274600000002,0.6992138442565335,0.39,28.5,0.006666666666666667,0.015,right_kp_0.015.txt,1,300
4000.0,6000.0,2000.0,0.045000000000000005,1.35,100.00000000000009,5.000000000000004,0.06,150.0,5978.0,22.0,26.0,50.99019513592785,46.0,46.0,84.85912139999999,0.69,0.39,30.0,0.010033444816053512,0.015,right_kp_0.015.txt,2,299
0.0,-2000.0,-2000.0,0.03,0.06,100.00000000000009,5.000000000000004,0.05,150.0,-1994.6666666666667,-5.333333333333333,33.333333333333336,57.735026918962575,57.48816303282693,57.48816303282693,-63.654714700000014,0.8623224454924039,0.5,30.0,0.0,0.015,right_kp_0.015.txt,4,299
-2000.0,-4000.0,-2000.0,0.03750000000000001,0.33,100.00000000000009,5.000000000000004,0.05,150.0,-3986.6666666666665,-13.333333333333334,22.666666666666668,47.60952285695233,45.70436400267363,45.70436400267363,-73.85942379999999,0.6855654600401043,0.34,30.0,0.0033444816053511705,0.015,right_kp_0.015.txt,5,299
-4000.0,-6000.0,-2000.0,0.04,0.78,100.00000000000009,5.000000000000004,0.06,150.0,-5980.666666666667,-19.333333333333332,20.666666666666668,45.46060565661952,41.144730997891934,41.144730997891934,-84.03413300000003,0.617170964968379,0.31,30.0,0.01,0.015,right_kp_0.015.txt,6,300
0.0,2000.0,2000.0,0.03166666666666667,0.06,100.00000000000009,5.000000000000004,0.04,150.0,1998.0,2.0,32.666666666666664,57.154760664940824,57.11975723571194,57.11975723571194,63.79637050000001,1.1423951447142386,0.6533333333333333,30.0,0.0,0.02,right_kp_0.02.txt,0,300
2000.0,4000.0,2000.0,0.034999999999999996,0.06,200.00000000000017,10.000000000000009,0.07,150.0,3990.0,10.0,24.666666666666668,49.6655480858378,48.64839839775475,48.64839839775475,74.34274600000002,0.972967967955095,0.49333333333333335,30.0,0.006666666666666667,0.02,right_kp_0.02.txt,1,300
4000.0,6000.0,2000.0,0.04,0.08,100.00000000000009,5.000000000000004,0.06,150.0,5994.0,6.0,23.333333333333332,48.3045891539648,47.93050524804984,47.93050524804984,84.6491214,0.9586101049609969,0.4666666666666667,30.0,0.013377926421404682,0.02,right_kp_0.02.txt,2,299
0.0,-2000.0,-2000.0,0.028333333333333335,0.06,200.00000000000017,10.000000000000009,0.07,150.0,-2000.0,0.0,28.0,52.91502622129181,52.91502622129181,52.91502622129181,-63.574714700000015,1.0583005244258363,0.56,30.0,0.0,0.02,right_kp_0.02.txt,4,300
-2000.0,-4000.0,-2000.0,0.03,0.06,200.00000000000017,10.000000000000009,0.07,150.0,-3999.3333333333335,-0.6666666666666666,36.666666666666664,60.55300708194983,60.54933709151755,60.549337091517536,-73.67275713333332,1.2109867418303508,0.7333333333333333,30.0,0.006666666666666667,0.02,right_kp_0.02.txt,5,300
-4000.0,-6000.0,-2000.0,0.03666666666666667,0.16,100.00000000000009,5.000000000000004,0.05,150.0,-5996.0,-4.0,30.666666666666668,55.37749241945383,55.23284047255461,55.23284047255461,-83.82413300000003,1.104656809451092,0.6133333333333333,30.0,0.013333333333333334,0.02,right_kp_0.02.txt,6,300
0.0,2000.0,2000.0,0.03166666666666667,0.05,200.00000000000017,10.000000000000009,0.08,150.0,1998.6666666666667,1.3333333333333333,26.666666666666668,51.63977794943222,51.6225618202825,51.6225618202825,63.78970383333335,1.2905640455070626,0.6666666666666666,30.0,0.0,0.025,right_kp_0.025.txt,0,300
2000.0,4000.0,2000.0,0.03333333333333334,0.06,100.00000000000009,5.000000000000004,0.05,150.0,3989.3333333333335,10.666666666666666,18.666666666666668,43.20493798938573,41.86751591495355,41.86751591495356,74.40941266666668,1.0466878978738388,0.4666666666666667,30.0,0.010033444816053512,0.025,right_kp_0.025.txt,1,299
4000.0,6000.0,2000.0,0.04,0.06,100.00000000000009,5.000000000000004,0.06,150.0,5989.333333333333,10.666666666666666,25.333333333333332,50.33222956847167,49.18897798852458,49.18897798852458,84.79578806666666,1.2297244497131143,0.6333333333333333,30.0,0.016722408026755852,0.025,right_kp_0.025.txt,2,299
0.0,-2000.0,-2000.0,0.03,0.06,299.99999999999983,14.999999999999991,0.11,150.0,-2000.0,0.0,22.666666666666668,47.60952285695233,47.60952285695233,47.60952285695233,-63.574714700000015,1.1902380714238083,0.5666666666666667,30.0,0.0,0.025,right_kp_0.025.txt,4,299
-2000.0,-4000.0,-2000.0,0.035,0.06,200.00000000000017,10.000000000000009,0.07,150.0,-4000.6666666666665,0.6666666666666666,34.0,58.309518948453004,58.30570774422994,58.30570774422994,-73.64275713333332,1.4576426936057485,0.85,30.0,0.010033444816053512,0.025,right_kp_0.025.txt,5,299
-4000.0,-6000.0,-2000.0,0.04,0.07,200.00000000000017,10.000000000000009,0.08,150.0,-5993.333333333333,-6.666666666666667,29.333333333333332,54.1602560309064,53.748384988657,53.748384988657,-83.91079966666669,1.3437096247164249,0.7333333333333333,30.0,0.013377926421404682,0.025,right_kp_0.025.txt,6,299
